firstName,middleInitial,lastName,age,sex,primaryAddress,NPI,enumerationDate,languagesSpoke,specialization,secondaryAddress,acceptedInsurance,newPatients,URL,primaryPhone,secondaryPhone,reviewAvg
William,M,Brown,68,M,"4126 Washington Ave, Pensacola, FL 34205",4493069854,2022-06-03,French;Mandarin,Family Medicine;Neurology,"1915 Park Ave, St Petersburg, FL 32073",BlueCross;Aetna,True,https://www.brown99.healthclinic.com,961-407-7161,780-758-6101,3.29
Linda,V,Thomas,61,F,"300 Oak St, Miami, FL 32907",3431275038,2023-01-19,English;Mandarin;French,Orthopedics,"1815 Lakeview Dr, Orlando, FL 32405",Humana;UnitedHealth;Aetna;Cigna,True,https://www.thomas22.healthclinic.com,399-583-9907,603-254-4979,4.45
Charles,I,Taylor,42,F,"248 Hillcrest Rd, Tallahassee, FL 32801",3398155728,2024-12-29,French,Family Medicine;Dermatology,"8996 Pine Rd, West Palm Beach, FL 32210",BlueCross;Aetna;UnitedHealth;Kaiser,True,https://www.taylor79.familydocs.net,481-672-7850,283-969-9113,4.95
John,D,Martinez,70,F,"9088 Lakeview Dr, Fort Lauderdale, FL 33511",7267033265,2013-11-01,English;French;German,Oncology;Psychiatry,"1425 Elm St, Gainesville, FL 33602",Humana;Cigna,True,https://www.martinez37.medcare.org,687-798-3581,698-656-6555,2.88
Karen,F,Garcia,58,F,"2371 Hillcrest Rd, Fort Lauderdale, FL 32073",5640029439,2008-08-31,Spanish,Neurology,"9879 Park Ave, Tampa, FL 32608",Aetna;BlueCross,True,https://www.garcia79.medcare.org,869-765-7412,906-618-3237,3.69
Richard,F,Johnson,70,M,"3109 Park Ave, West Palm Beach, FL 33710",2390175036,2024-04-08,Portuguese,Psychiatry;Cardiology,"2399 Pine Rd, Jacksonville, FL 34472",Cigna;UnitedHealth,False,https://www.johnson76.familydocs.net,491-797-8949,919-473-9870,2.72
John,L,Wilson,60,M,"6341 Pine Rd, Tallahassee, FL 32904",6046315842,2023-11-10,Hindi,Radiology,"1861 Cedar Ln, Tampa, FL 33563",UnitedHealth;Kaiser,False,https://www.wilson89.familydocs.net,708-377-3959,421-832-3694,3.84
Karen,H,Rodriguez,34,F,"1363 Maple Ave, Miami, FL 34102",2525621917,2007-06-09,Hindi;English,Cardiology;Radiology,"9643 Pine Rd, Fort Lauderdale, FL 33609",Humana;Kaiser,True,https://www.rodriguez28.healthclinic.com,603-453-9105,520-301-4531,2.54
John,U,Smith,52,F,"8316 Lakeview Dr, Orlando, FL 32092",8782599521,2005-02-17,Hindi,Urology,"9585 Lakeview Dr, Tampa, FL 33009",Aetna;Kaiser;BlueCross;Cigna,True,https://www.smith96.familydocs.net,483-499-2369,741-676-6891,3.47
Robert,A,Martinez,32,F,"5242 Park Ave, Tallahassee, FL 32707",8525142175,2017-02-03,Spanish,Dermatology;Oncology,"8430 Park Ave, St Petersburg, FL 32405",Aetna;Kaiser;Humana;UnitedHealth,False,https://www.martinez3.medcare.org,536-202-2147,767-281-3197,4.85
Richard,A,Garcia,47,M,"9986 Lakeview Dr, St Petersburg, FL 33324",1466696743,2019-12-19,French,Urology,"6151 Pine Rd, St Petersburg, FL 32707",UnitedHealth;Humana;Aetna;Kaiser,False,https://www.garcia54.medcare.org,702-671-9172,263-343-6857,3.88
Joseph,W,Miller,37,F,"7508 Hillcrest Rd, Miami, FL 32605",7550422253,2010-09-11,Mandarin,Pediatrics;Psychiatry,"177 Oak St, Orlando, FL 32507",UnitedHealth;Humana,False,https://www.miller84.healthclinic.com,746-461-5047,406-928-9389,2.73
Michael,R,Lopez,67,M,"6808 Washington Ave, Orlando, FL 34102",8773398134,2023-01-28,Spanish,Cardiology;Orthopedics,"175 Hillcrest Rd, Fort Lauderdale, FL 32701",Kaiser;Humana;Aetna;BlueCross,True,https://www.lopez23.medcare.org,966-740-5205,374-290-8458,2.83
Susan,I,Wilson,56,M,"6772 Pine Rd, Fort Lauderdale, FL 33511",5624277833,2005-02-18,Hindi,Cardiology,"1037 Pine Rd, Tallahassee, FL 32765",BlueCross;UnitedHealth;Cigna;Humana,True,https://www.wilson57.healthclinic.com,259-581-5011,862-882-5767,3.61
Joseph,W,Smith,47,M,"4045 Lakeview Dr, Jacksonville, FL 34741",2254598816,2008-10-13,Arabic;Portuguese;English,Oncology,"220 Oak St, Tampa, FL 32114",Cigna;UnitedHealth;Aetna,False,https://www.smith9.familydocs.net,568-242-9393,730-704-9243,4.28
Patricia,U,Taylor,40,M,"1661 Hillcrest Rd, Pensacola, FL 32507",1478657662,2011-09-14,Arabic;French;Mandarin,Radiology,"6178 Hillcrest Rd, Pensacola, FL 34236",Kaiser;Humana;Aetna,False,https://www.taylor21.medcare.org,682-970-8521,318-302-1748,4.11
Jessica,Y,Gonzalez,64,M,"9199 Hillcrest Rd, Gainesville, FL 33009",3348632242,2016-04-03,Spanish;Hindi,Family Medicine,"3417 Maple Ave, West Palm Beach, FL 32803",Humana;Aetna;Kaiser;BlueCross,False,https://www.gonzalez43.healthclinic.com,651-591-8892,570-551-9058,3.36
Joseph,M,Smith,65,M,"2096 Oak St, Tallahassee, FL 33021",2039540093,2010-10-18,French;Portuguese,Dermatology;Cardiology,"195 Cedar Ln, St Petersburg, FL 33901",UnitedHealth;Aetna;Humana,True,https://www.smith42.healthclinic.com,700-988-8542,917-368-2883,3.68
Patricia,E,Davis,64,M,"2272 Oak St, Fort Lauderdale, FL 32701",5990435363,2018-10-16,Hindi,Psychiatry,"4078 Lakeview Dr, Gainesville, FL 32703",Kaiser;Aetna,True,https://www.davis48.medcare.org,815-793-3772,827-306-6023,2.78
David,K,Davis,46,M,"4760 Cedar Ln, Gainesville, FL 33324",9007848430,2008-04-20,French;Mandarin,Psychiatry,"111 Pine Rd, Orlando, FL 32114",UnitedHealth;BlueCross;Cigna,True,https://www.davis31.familydocs.net,367-710-3334,721-742-2763,3.0
Sarah,U,Taylor,58,F,"2217 Oak St, Pensacola, FL 32803",1657864081,2012-07-10,Mandarin;Arabic;Hindi,Psychiatry,"6708 Hillcrest Rd, Pensacola, FL 32507",Humana;Kaiser;Cigna;Aetna,False,https://www.taylor99.familydocs.net,393-745-4678,416-871-8036,3.9
Jennifer,Z,Williams,33,F,"3645 Oak St, Fort Lauderdale, FL 32803",8807845094,2008-06-09,Hindi,Pediatrics,"9265 Pine Rd, Fort Lauderdale, FL 34711",Cigna;Kaiser;Humana,False,https://www.williams97.familydocs.net,749-302-7253,995-648-5579,2.53
William,F,Martin,48,F,"498 Oak St, Miami, FL 32601",3498049481,2011-02-28,Arabic;Mandarin,Dermatology;Radiology,"9961 Washington Ave, Jacksonville, FL 32507",Humana;UnitedHealth;Aetna;BlueCross,True,https://www.martin56.caregroup.com,417-201-4244,717-997-4321,3.86
Susan,N,Gonzalez,50,F,"2718 Hillcrest Rd, Pensacola, FL 32073",2958934056,2005-11-04,Mandarin;French;Hindi,Dermatology;Family Medicine,"6754 Sunset Blvd, Pensacola, FL 33021",Cigna;UnitedHealth;Aetna,False,https://www.gonzalez77.medcare.org,455-607-9329,863-578-7997,2.53
Susan,D,Johnson,68,M,"3527 Oak St, Pensacola, FL 33710",1764921150,2023-02-03,English;Mandarin;Arabic,Psychiatry,"3492 Maple Ave, Fort Lauderdale, FL 32707",UnitedHealth;Aetna;Humana,False,https://www.johnson2.familydocs.net,369-217-1902,890-978-1457,2.93
William,L,Davis,44,F,"7816 Hillcrest Rd, Miami, FL 33411",7620177727,2022-02-09,Spanish,Urology;Family Medicine,"4975 Lakeview Dr, Fort Lauderdale, FL 32904",UnitedHealth;Aetna,False,https://www.davis81.caregroup.com,673-915-4630,699-394-5678,3.56
David,M,Thomas,41,F,"6238 Maple Ave, Orlando, FL 33801",4546368055,2017-03-16,Mandarin;French,Family Medicine,"9145 Cedar Ln, Orlando, FL 34952",Kaiser;Humana;Cigna;UnitedHealth,True,https://www.thomas1.familydocs.net,489-703-6039,713-305-4085,3.85
Sarah,P,Smith,63,M,"7413 Park Ave, Gainesville, FL 32114",4183539649,2020-10-09,Mandarin,Urology;Family Medicine,"7628 Lakeview Dr, Tallahassee, FL 32073",Kaiser;Humana,False,https://www.smith73.familydocs.net,453-790-9448,881-944-4042,2.67
Joseph,H,Rodriguez,56,F,"5367 Maple Ave, Orlando, FL 32601",7026469105,2005-04-22,Hindi;Portuguese;German,Pediatrics;Urology,"8956 Washington Ave, Jacksonville, FL 33009",Humana;Aetna;UnitedHealth;Kaiser,False,https://www.rodriguez22.healthclinic.com,773-903-9162,282-255-3742,4.94
Robert,K,Williams,62,F,"3893 Washington Ave, St Petersburg, FL 33901",3984831806,2024-03-13,German;Arabic;Portuguese,Urology;Cardiology,"6698 Washington Ave, Tampa, FL 32137",Humana;BlueCross,True,https://www.williams82.familydocs.net,718-760-5058,874-229-8420,4.11
William,W,Rodriguez,52,F,"8237 Oak St, Miami, FL 33801",4629430333,2012-07-08,German;Spanish;Hindi,Neurology;Pediatrics,"4784 Maple Ave, Pensacola, FL 32301",Aetna;Cigna;UnitedHealth;Kaiser,True,https://www.rodriguez51.caregroup.com,693-615-6937,962-867-3723,4.13
Susan,L,Lopez,54,F,"4615 Maple Ave, St Petersburg, FL 32608",4691072066,2024-07-27,Spanish;French,Psychiatry,"921 Washington Ave, Tallahassee, FL 34205",Kaiser;Aetna;BlueCross,False,https://www.lopez75.familydocs.net,853-682-2067,732-508-5623,3.91
Jennifer,L,Moore,58,M,"9364 Maple Ave, Tallahassee, FL 33907",5289700704,2016-03-22,Arabic;Hindi;English,Orthopedics;Urology,"4921 Pine Rd, Tampa, FL 33511",Cigna;Humana,False,https://www.moore15.caregroup.com,405-483-9667,889-703-4962,3.79
Michael,B,Moore,63,F,"441 Park Ave, Gainesville, FL 32043",8170689177,2011-02-13,Arabic,Dermatology;Radiology,"2007 Pine Rd, Jacksonville, FL 32137",Cigna;UnitedHealth,False,https://www.moore90.medcare.org,461-882-7771,765-919-9919,4.76
Michael,C,Smith,42,M,"2377 Elm St, Gainesville, FL 34950",7707014539,2022-12-16,Hindi;English,Orthopedics;Cardiology,"8673 Park Ave, Orlando, FL 32092",BlueCross;Kaiser;Aetna,False,https://www.smith45.familydocs.net,490-752-6061,466-908-7650,2.63
Charles,M,Miller,63,F,"6023 Lakeview Dr, Orlando, FL 34761",4365708960,2023-08-13,Portuguese;Spanish;Mandarin,Neurology;Pediatrics,"2530 Maple Ave, West Palm Beach, FL 32092",BlueCross;Humana;Kaiser,False,https://www.miller49.medcare.org,242-420-1544,884-906-8739,3.89
Charles,Q,Miller,55,F,"3426 Oak St, Pensacola, FL 32904",1538476372,2014-04-06,Portuguese;German;French,Psychiatry;Neurology,"9669 Maple Ave, Orlando, FL 34221",BlueCross;Aetna;Cigna,True,https://www.miller1.medcare.org,341-532-6806,931-434-4046,2.6
James,Q,Brown,66,M,"5977 Cedar Ln, Miami, FL 34741",7141814293,2017-09-18,German;French;Hindi,Pediatrics,"6423 Lakeview Dr, Tallahassee, FL 32806",Humana;Aetna,False,https://www.brown83.medcare.org,343-206-1166,900-550-8685,3.27
David,N,Taylor,49,F,"4517 Maple Ave, St Petersburg, FL 33324",9408641051,2020-06-05,Hindi,Radiology,"4141 Elm St, Tallahassee, FL 34711",Cigna;Aetna;Humana,True,https://www.taylor39.medcare.org,266-957-3216,456-256-3631,3.25
John,H,Martin,32,F,"1949 Cedar Ln, Gainesville, FL 33803",1092752469,2023-08-05,Portuguese;Arabic,Dermatology,"2576 Oak St, Tampa, FL 34950",Kaiser;BlueCross;UnitedHealth,True,https://www.martin1.healthclinic.com,503-302-7341,342-848-6363,2.92
Barbara,X,Brown,37,M,"2134 Lakeview Dr, Orlando, FL 34655",4407450911,2013-09-11,German;French;English,Dermatology;Radiology,"4457 Pine Rd, Jacksonville, FL 33324",UnitedHealth;Humana;Aetna,True,https://www.brown77.familydocs.net,627-695-7403,445-505-6819,3.47
Charles,A,Martin,40,F,"7902 Maple Ave, Gainesville, FL 32118",1142038890,2006-07-01,Hindi;English,Radiology;Psychiatry,"133 Washington Ave, Orlando, FL 33609",Kaiser;BlueCross,False,https://www.martin93.familydocs.net,548-900-4898,614-663-2127,4.24
Karen,R,Brown,41,F,"1853 Lakeview Dr, Jacksonville, FL 33907",6463289879,2014-11-03,French;English,Cardiology,"8648 Hillcrest Rd, St Petersburg, FL 32304",BlueCross;Humana;Cigna;Kaiser,False,https://www.brown22.familydocs.net,960-858-9025,434-445-4097,3.9
Barbara,T,Anderson,65,M,"7212 Oak St, Pensacola, FL 33703",2708447522,2017-12-13,Arabic;Mandarin;French,Orthopedics;Psychiatry,"2312 Lakeview Dr, West Palm Beach, FL 34655",Cigna;BlueCross;Aetna;Kaiser,True,https://www.anderson75.caregroup.com,277-515-6161,563-808-5172,3.04
Mary,Y,Brown,63,F,"6851 Washington Ave, Pensacola, FL 33703",3850600131,2024-12-16,Mandarin;Arabic,Orthopedics;Psychiatry,"2379 Washington Ave, Tampa, FL 32806",UnitedHealth;Aetna,True,https://www.brown27.caregroup.com,838-595-2503,750-967-5858,4.44
Richard,O,Davis,49,M,"4894 Oak St, Fort Lauderdale, FL 34761",7381581122,2019-04-09,Mandarin;Portuguese,Orthopedics;Oncology,"8745 Washington Ave, Miami, FL 33125",Kaiser;UnitedHealth,False,https://www.davis51.familydocs.net,260-348-2552,657-699-8880,4.39
Jessica,I,Hernandez,59,M,"2763 Maple Ave, St Petersburg, FL 32304",5419353144,2022-10-03,English;Arabic,Pediatrics;Dermatology,"9642 Oak St, West Palm Beach, FL 34668",Humana;Cigna;Aetna,False,https://www.hernandez78.healthclinic.com,226-711-1912,974-819-9084,4.65
Joseph,W,Hernandez,31,F,"7199 Pine Rd, Miami, FL 34470",2621460932,2011-04-20,Mandarin,Neurology;Family Medicine,"6142 Cedar Ln, Miami, FL 34472",Kaiser;Aetna,False,https://www.hernandez52.medcare.org,244-419-7187,362-377-5052,3.47
James,G,Hernandez,52,M,"797 Cedar Ln, Tallahassee, FL 32034",5117471850,2017-05-30,Spanish,Pediatrics;Radiology,"9279 Oak St, West Palm Beach, FL 32703",UnitedHealth;Cigna,False,https://www.hernandez97.familydocs.net,629-870-9634,905-645-3366,3.1
John,D,Moore,34,M,"4404 Elm St, Jacksonville, FL 32608",3162109237,2008-09-28,Hindi,Family Medicine,"4296 Oak St, Miami, FL 32507",Cigna;BlueCross;Humana,False,https://www.moore2.familydocs.net,623-458-7561,355-225-7172,4.09
John,D,Taylor,48,M,"7814 Elm St, St Petersburg, FL 32202",7275548826,2015-05-12,Arabic;German,Cardiology,"5848 Park Ave, West Palm Beach, FL 32703",Aetna;UnitedHealth;Humana,False,https://www.taylor26.caregroup.com,809-643-3669,237-401-1450,3.82
Karen,A,Taylor,65,F,"3634 Lakeview Dr, Pensacola, FL 34109",7615145498,2024-05-08,English,Orthopedics;Cardiology,"8965 Cedar Ln, St Petersburg, FL 32701",BlueCross;Cigna,False,https://www.taylor84.caregroup.com,606-324-8750,202-732-4362,4.48
Thomas,G,Moore,58,M,"6477 Washington Ave, Orlando, FL 32405",4379329822,2015-12-23,Mandarin;Spanish,Oncology,"2401 Sunset Blvd, Tampa, FL 32223",Cigna;Aetna;UnitedHealth;BlueCross,True,https://www.moore9.medcare.org,973-255-2915,715-551-5031,4.8
James,Z,Jackson,50,M,"9610 Pine Rd, Pensacola, FL 33701",2760749632,2016-07-27,English;French;Mandarin,Pediatrics,"4933 Pine Rd, West Palm Beach, FL 32703",UnitedHealth;Cigna,False,https://www.jackson74.medcare.org,342-239-5475,650-305-5854,3.99
James,Z,Garcia,48,F,"925 Washington Ave, St Petersburg, FL 33401",3818622054,2008-05-21,English;Portuguese,Neurology;Family Medicine,"3102 Pine Rd, Miami, FL 32712",BlueCross;Cigna,True,https://www.garcia51.medcare.org,452-393-1867,832-557-1476,3.03
Joseph,H,Anderson,40,F,"1612 Elm St, Orlando, FL 32244",3959425882,2023-08-13,German;Spanish,Radiology,"4347 Sunset Blvd, Tallahassee, FL 34236",Aetna;Cigna;BlueCross,False,https://www.anderson83.medcare.org,584-202-8019,778-225-9762,3.9
Linda,A,Garcia,54,F,"7416 Washington Ave, West Palm Beach, FL 34205",1545339557,2008-11-23,Arabic;German;English,Psychiatry;Cardiology,"7795 Lakeview Dr, Miami, FL 32703",UnitedHealth;Humana,False,https://www.garcia79.medcare.org,607-959-7816,620-673-2333,2.5
Elizabeth,N,Wilson,54,F,"2073 Maple Ave, Tampa, FL 32244",3765518586,2011-06-09,Portuguese;Spanish;Mandarin,Psychiatry;Orthopedics,"2193 Sunset Blvd, Tampa, FL 32118",Kaiser;BlueCross;UnitedHealth,True,https://www.wilson63.healthclinic.com,640-920-1039,848-894-1766,4.11
Joseph,M,Thomas,58,M,"168 Maple Ave, Jacksonville, FL 32605",5440014493,2012-05-06,Arabic;English;Portuguese,Urology;Dermatology,"1896 Hillcrest Rd, Orlando, FL 33012",Aetna;UnitedHealth,False,https://www.thomas75.familydocs.net,525-781-1276,673-363-8850,3.28
Karen,Y,Hernandez,68,M,"1302 Sunset Blvd, West Palm Beach, FL 34221",9826107331,2021-11-05,Arabic,Cardiology,"1340 Lakeview Dr, Pensacola, FL 32405",Humana;Kaiser;BlueCross,True,https://www.hernandez78.familydocs.net,252-342-7930,342-524-1396,4.64
Elizabeth,L,Wilson,64,F,"8167 Washington Ave, Tampa, FL 34472",9119508668,2014-12-12,Spanish;Arabic;French,Psychiatry,"4753 Maple Ave, Tampa, FL 32712",Aetna;Cigna,False,https://www.wilson29.medcare.org,741-463-6667,647-486-9555,3.58
Barbara,D,Martin,64,M,"1365 Park Ave, Pensacola, FL 32712",4959337790,2022-08-04,English;Hindi,Dermatology,"5225 Washington Ave, Fort Lauderdale, FL 33155",Aetna;Cigna,True,https://www.martin65.healthclinic.com,809-214-9662,213-256-9438,2.82
Karen,X,Thomas,68,F,"7776 Sunset Blvd, Tampa, FL 34470",6944745043,2005-01-29,French;Mandarin;Spanish,Psychiatry;Radiology,"6014 Hillcrest Rd, Tallahassee, FL 32707",Kaiser;Cigna;Humana;Aetna,False,https://www.thomas93.healthclinic.com,982-543-9976,596-710-6190,3.2
Charles,V,Thomas,56,F,"2778 Pine Rd, Fort Lauderdale, FL 33311",1607491181,2019-05-16,Portuguese;Hindi,Radiology,"2830 Park Ave, Tampa, FL 32701",Aetna;UnitedHealth;Cigna;BlueCross,True,https://www.thomas61.medcare.org,668-957-7374,224-983-3219,3.42
David,F,Gonzalez,35,F,"159 Pine Rd, Fort Lauderdale, FL 32118",6598428593,2007-09-29,English;Hindi;German,Dermatology,"1884 Hillcrest Rd, St Petersburg, FL 33401",Cigna;Kaiser,True,https://www.gonzalez14.familydocs.net,386-551-2747,974-392-5791,3.16
Richard,W,Martin,66,M,"7626 Cedar Ln, Miami, FL 32703",6436330164,2013-02-02,Mandarin;French;Spanish,Pediatrics,"8784 Sunset Blvd, Tallahassee, FL 32202",Cigna;Kaiser,False,https://www.martin95.caregroup.com,655-573-5165,972-563-9433,3.19
Elizabeth,I,Anderson,65,F,"9500 Pine Rd, West Palm Beach, FL 33563",6524869148,2011-08-12,Spanish;Mandarin,Family Medicine;Cardiology,"9377 Washington Ave, Jacksonville, FL 33803",Cigna;BlueCross;UnitedHealth;Aetna,False,https://www.anderson85.healthclinic.com,951-780-6923,268-294-5999,4.48
Elizabeth,I,Anderson,51,F,"1010 Pine Rd, St Petersburg, FL 32137",2754385620,2006-01-20,Arabic,Radiology;Urology,"9475 Elm St, West Palm Beach, FL 32301",UnitedHealth;Aetna;Kaiser,False,https://www.anderson23.medcare.org,918-378-7864,893-261-8489,4.17
Richard,J,Rodriguez,48,F,"4677 Lakeview Dr, Jacksonville, FL 32501",9489432872,2014-07-20,French,Dermatology;Radiology,"8745 Sunset Blvd, Tampa, FL 32073",Aetna;Humana,False,https://www.rodriguez96.healthclinic.com,871-705-6928,479-933-4029,2.96
Richard,S,Rodriguez,44,F,"7640 Washington Ave, Gainesville, FL 33813",5606099609,2019-07-14,English,Cardiology,"271 Oak St, Tampa, FL 33801",BlueCross;UnitedHealth;Humana,False,https://www.rodriguez78.medcare.org,301-273-9014,901-754-1704,3.46
Mary,W,Rodriguez,42,F,"9830 Park Ave, Miami, FL 33710",2221268253,2007-01-28,Mandarin;Arabic;German,Urology,"6145 Cedar Ln, West Palm Beach, FL 32712",UnitedHealth;Cigna;Kaiser;Humana,False,https://www.rodriguez6.healthclinic.com,684-622-9355,611-445-9252,2.64
John,I,Jackson,45,M,"3558 Sunset Blvd, Pensacola, FL 34109",1540594758,2007-07-03,English;Portuguese,Family Medicine,"6453 Washington Ave, Miami, FL 33021",UnitedHealth;Aetna;Cigna,True,https://www.jackson63.caregroup.com,425-286-1594,635-995-4414,4.15
Thomas,N,Jones,55,M,"2620 Elm St, West Palm Beach, FL 32303",6639574236,2011-08-31,Spanish;French;Mandarin,Orthopedics;Pediatrics,"326 Pine Rd, Tallahassee, FL 33411",Cigna;BlueCross;UnitedHealth,False,https://www.jones77.caregroup.com,585-555-5012,841-895-3862,4.81
Susan,V,Wilson,31,F,"5224 Hillcrest Rd, Gainesville, FL 32118",7908597018,2024-01-05,French;Portuguese,Neurology,"1448 Park Ave, Pensacola, FL 32601",Kaiser;Cigna;BlueCross,False,https://www.wilson36.healthclinic.com,623-728-9106,402-902-1505,4.61
Barbara,F,Hernandez,55,M,"721 Maple Ave, Jacksonville, FL 33563",9523194861,2016-10-20,English;German;Hindi,Oncology;Family Medicine,"9530 Park Ave, St Petersburg, FL 33701",Aetna;UnitedHealth,False,https://www.hernandez86.medcare.org,833-469-4064,736-972-8610,2.99
Thomas,Q,Moore,49,F,"3078 Sunset Blvd, Jacksonville, FL 34668",5615346850,2013-06-28,Arabic;Spanish,Radiology,"8001 Washington Ave, Fort Lauderdale, FL 33009",Cigna;Aetna;BlueCross;Kaiser,False,https://www.moore78.healthclinic.com,555-485-2167,895-541-9247,3.25
Karen,X,Gonzalez,40,F,"6778 Sunset Blvd, Gainesville, FL 33324",4692190914,2018-09-18,Portuguese;Spanish;Mandarin,Pediatrics,"3483 Park Ave, Jacksonville, FL 33009",UnitedHealth;BlueCross;Kaiser,False,https://www.gonzalez15.caregroup.com,286-297-8652,995-657-2734,2.66
Susan,E,Jackson,30,M,"3605 Cedar Ln, Jacksonville, FL 32118",6255511946,2013-08-19,Hindi;Mandarin,Urology;Oncology,"1844 Maple Ave, St Petersburg, FL 33012",Kaiser;BlueCross;Aetna;Cigna,False,https://www.jackson91.medcare.org,980-980-5310,354-232-5878,3.35
William,J,Hernandez,39,M,"2608 Oak St, Jacksonville, FL 32210",9890215915,2020-04-28,Spanish;English,Psychiatry,"4409 Pine Rd, Jacksonville, FL 32907",UnitedHealth;Aetna;BlueCross;Humana,True,https://www.hernandez38.caregroup.com,339-364-2264,534-933-3147,2.9
Karen,Q,Moore,47,F,"2619 Cedar Ln, West Palm Beach, FL 32907",8103488216,2018-12-01,Hindi;Arabic;French,Cardiology,"4636 Lakeview Dr, Jacksonville, FL 32114",UnitedHealth;BlueCross,False,https://www.moore72.healthclinic.com,245-782-7537,809-467-7979,3.03
Joseph,S,Rodriguez,52,F,"6679 Lakeview Dr, St Petersburg, FL 34205",2682296849,2011-05-21,Mandarin,Family Medicine;Radiology,"6406 Cedar Ln, Tallahassee, FL 32901",Kaiser;Humana,True,https://www.rodriguez28.medcare.org,608-829-7532,349-336-3807,2.99
Charles,Z,Hernandez,50,F,"7708 Lakeview Dr, Pensacola, FL 32901",8019366250,2017-01-31,Arabic;Mandarin;Hindi,Oncology;Urology,"9138 Sunset Blvd, Tallahassee, FL 32118",Humana;UnitedHealth;BlueCross,False,https://www.hernandez9.familydocs.net,626-504-6798,956-620-9779,4.46
William,G,Garcia,54,M,"6297 Park Ave, Tampa, FL 32806",2519360166,2012-04-27,Arabic;Spanish;English,Dermatology,"5889 Elm St, Fort Lauderdale, FL 34983",BlueCross;Aetna,True,https://www.garcia1.caregroup.com,371-498-1895,282-368-1155,4.52
Joseph,R,Garcia,38,M,"2220 Hillcrest Rd, Orlando, FL 33125",3454077066,2024-04-26,English;French,Cardiology,"4233 Elm St, West Palm Beach, FL 32223",Aetna;Kaiser,True,https://www.garcia49.caregroup.com,637-787-1512,906-853-9448,4.88
Mary,D,Jones,40,M,"2832 Oak St, Miami, FL 32092",5809355969,2022-10-19,Spanish;Portuguese;Hindi,Neurology;Cardiology,"3128 Hillcrest Rd, Fort Lauderdale, FL 33703",BlueCross;Cigna;Aetna;UnitedHealth,True,https://www.jones12.familydocs.net,950-526-8531,702-502-9579,3.78
William,W,Gonzalez,47,M,"5065 Washington Ave, St Petersburg, FL 33125",6707065205,2008-02-06,Spanish,Oncology;Radiology,"5232 Cedar Ln, West Palm Beach, FL 34711",BlueCross;Cigna,False,https://www.gonzalez63.medcare.org,343-209-8444,871-476-7168,3.05
Thomas,Y,Williams,30,F,"8105 Oak St, Orlando, FL 32118",3829342248,2017-01-26,Arabic;Mandarin,Radiology,"8230 Oak St, Jacksonville, FL 33602",Humana;Kaiser;BlueCross,True,https://www.williams37.caregroup.com,354-437-6606,977-351-9704,2.72
Richard,U,Smith,44,M,"6338 Maple Ave, Gainesville, FL 33602",8620298370,2010-06-02,French,Pediatrics;Orthopedics,"3942 Sunset Blvd, Fort Lauderdale, FL 33606",BlueCross;Cigna,True,https://www.smith18.healthclinic.com,683-348-3101,460-803-9091,4.0
David,B,Jackson,59,F,"8321 Sunset Blvd, West Palm Beach, FL 33907",2723095205,2017-06-04,Mandarin;English,Family Medicine,"4240 Washington Ave, Jacksonville, FL 32601",Kaiser;Cigna;Humana;UnitedHealth,True,https://www.jackson13.medcare.org,586-944-8045,652-969-2530,3.34
William,X,Garcia,51,M,"8453 Pine Rd, Gainesville, FL 33563",3814570994,2006-09-02,French;Portuguese;English,Family Medicine,"4614 Maple Ave, Tallahassee, FL 32803",BlueCross;UnitedHealth,False,https://www.garcia64.healthclinic.com,735-966-4223,614-500-4563,2.55
Robert,U,Smith,42,M,"3610 Lakeview Dr, Tallahassee, FL 34761",4671584047,2013-06-19,Portuguese;Mandarin;Hindi,Orthopedics,"4509 Pine Rd, Orlando, FL 32244",Aetna;UnitedHealth;Cigna,False,https://www.smith87.caregroup.com,288-449-5082,895-717-5169,4.81
David,K,Hernandez,54,F,"9526 Cedar Ln, Tallahassee, FL 32605",3322865097,2015-04-29,Mandarin;Arabic,Psychiatry,"623 Washington Ave, Fort Lauderdale, FL 33155",Aetna;Kaiser;UnitedHealth,False,https://www.hernandez43.caregroup.com,957-539-6771,715-775-7234,2.76
Elizabeth,X,Brown,48,M,"8718 Cedar Ln, Gainesville, FL 33901",2411223711,2020-06-20,Hindi,Radiology;Urology,"5956 Maple Ave, Fort Lauderdale, FL 32244",UnitedHealth;Kaiser;BlueCross;Humana,False,https://www.brown80.healthclinic.com,557-739-5983,500-324-1640,3.5
John,B,Anderson,56,M,"4176 Elm St, Tampa, FL 33606",7827297358,2011-08-20,Spanish;German;Arabic,Dermatology;Urology,"4769 Oak St, Tallahassee, FL 32034",Cigna;BlueCross;Humana;Aetna,True,https://www.anderson92.familydocs.net,345-349-4280,347-587-3733,3.68
David,U,Martinez,67,M,"6394 Maple Ave, St Petersburg, FL 32405",1818201336,2011-07-28,English;Portuguese;Hindi,Radiology;Oncology,"4086 Park Ave, Orlando, FL 33301",UnitedHealth;BlueCross,False,https://www.martinez43.medcare.org,603-960-3239,766-328-3103,4.6
William,C,Rodriguez,54,M,"939 Pine Rd, Tampa, FL 33609",5839834560,2006-01-25,Spanish,Cardiology,"3043 Washington Ave, Gainesville, FL 32703",Cigna;Aetna,True,https://www.rodriguez72.medcare.org,794-884-8302,604-231-8912,3.7
Sarah,O,Taylor,39,M,"5476 Elm St, Miami, FL 33133",3469749721,2014-09-22,Mandarin;Hindi;Arabic,Psychiatry;Dermatology,"2105 Washington Ave, Orlando, FL 32210",Kaiser;Humana,False,https://www.taylor74.caregroup.com,846-909-2548,523-319-4731,3.86
David,J,Taylor,62,M,"9609 Lakeview Dr, Jacksonville, FL 32712",4527551289,2012-01-05,Arabic;Hindi;French,Radiology;Oncology,"8266 Lakeview Dr, Tampa, FL 32904",BlueCross;UnitedHealth;Aetna,False,https://www.taylor68.medcare.org,786-955-1409,340-947-1959,4.23
David,N,Jackson,34,F,"3484 Hillcrest Rd, Miami, FL 33813",6271249687,2008-04-08,Mandarin,Radiology,"7781 Hillcrest Rd, West Palm Beach, FL 32507",Humana;Cigna;BlueCross;UnitedHealth,True,https://www.jackson87.medcare.org,361-684-5792,707-720-9071,2.91
Robert,P,Martinez,34,M,"2307 Park Ave, West Palm Beach, FL 33703",4367412440,2019-01-20,Portuguese;German;English,Psychiatry;Cardiology,"6483 Elm St, Tallahassee, FL 32223",BlueCross;UnitedHealth;Humana,False,https://www.martinez23.caregroup.com,895-651-5613,372-902-8056,4.94
